insert into user(id, name, first_name) values(1, 'Peere', 'Kenny');
insert into user(id, name, first_name) values(2, 'Vermeulen', 'Joske');
insert into user(id, name, first_name) values(3, 'Pot', 'Pol');
insert into user(id, name, first_name) values(4, 'De Verschrikkelijke', 'Hagar');
insert into user(id, name, first_name) values(5, 'Castro', 'Fidel');

insert into article(id, title, price, supplierId) values(1, '4 Seasons', 9.99, '1');
insert into article(id, title, price, supplierId) values(2, 'Fear Of The Dark', 14.99, '3');
insert into article(id, title, price, supplierId) values(3, 'Invaders Must Die', 16.99, '2');
insert into article(id, title, price, supplierId) values(4, 'Straight Outta Compton', 12.99, '6');
insert into article(id, title, price, supplierId) values(5, 'Sign \"O\" The Times', 14.99, '4');
insert into article(id, title, price, supplierId) values(6, 'Commotion', 15.99, '3');
insert into article(id, title, price, supplierId) values(7, 'Cowboys From Hell', 13.99, '3');
insert into article(id, title, price, supplierId) values(8, 'Sheik Yerbouti', 14.49, '3');
insert into article(id, title, price, supplierId) values(9, 'Bad', 14.99, '5');
insert into article(id, title, price, supplierId) values(10, 'Reverance', 12.50, '2');
insert into article(id, title, price, supplierId) values(11, 'Arrival', 6.99, '5');
insert into article(id, title, price, supplierId) values(12, 'Run DMC', 5.99, '6');
insert into article(id, title, price, supplierId) values(13, 'Paul''s Boutique', 10.00, '6');
insert into article(id, title, price, supplierId) values(14, 'It Takes A Nation Of Millions To Hold Us Back', 5.99, '6');
insert into article(id, title, price, supplierId) values(15, 'Rumours', 14.99, '3');

insert into article(id, title, price, supplierId) values(16, 'Red Dead Redemption', 69.99, '8');
insert into article(id, title, price, supplierId) values(17, 'Forza Horizon 4', 59.99, '7');
insert into article(id, title, price, supplierId) values(18, 'Project Cars 2', 30.00, '7');
insert into article(id, title, price, supplierId) values(19, 'F1 2016', 19.99, '7');
insert into article(id, title, price, supplierId) values(20, 'Diablo 3', 64.99, '7');
insert into article(id, title, price, supplierId) values(21, 'Assassin''s Creed: Odyssey', 70.00, '7');
insert into article(id, title, price, supplierId) values(22, 'World Of Warcraft', 10.00, '7');
insert into article(id, title, price, supplierId) values(23, 'Neverwinter', 9.99, '8');
insert into article(id, title, price, supplierId) values(24, 'Tera', 4.99, '7');
insert into article(id, title, price, supplierId) values(25, 'Legacy', 11.50, '9');
insert into article(id, title, price, supplierId) values(26, 'Frostpunk', 69.99, '9');
insert into article(id, title, price, supplierId) values(27, 'Age Of Empires 2: HD Edition', 69.99, '9');
insert into article(id, title, price, supplierId) values(28, 'Far Cry 4', 50.00, '10');
insert into article(id, title, price, supplierId) values(29, 'Bioshock Infinite', 35.00, '10');
insert into article(id, title, price, supplierId) values(30, 'Borderlands 2', 19.99, '10');

insert into article(id, title, price, supplierId) values(31, 'The Lord Of The Rings', 20.00, '11');
insert into article(id, title, price, supplierId) values(32, 'The Hobbit: 70th Anniversary Edition', 13.45, '11');
insert into article(id, title, price, supplierId) values(33, 'The Silmarillion', 15.41, '11');
insert into article(id, title, price, supplierId) values(34, 'A Farewell To Arms', 4.89, '11');
insert into article(id, title, price, supplierId) values(35, 'The Call of Cthulhu and Other Weird Stories', 6.90, '11');
insert into article(id, title, price, supplierId) values(36, '1Q84', 8.48, '11');
insert into article(id, title, price, supplierId) values(37, 'The Complete Robot', 7.92, '11');
insert into article(id, title, price, supplierId) values(38, 'The Shining', 7.19, '11');
insert into article(id, title, price, supplierId) values(39, 'The Mask of Cthulhu', 16.49, '11');
insert into article(id, title, price, supplierId) values(40, 'Dragons Of Autumn Twilight', 5.99, '11');
insert into article(id, title, price, supplierId) values(41, 'The Catcher in the Rye', 4.99, '11');
insert into article(id, title, price, supplierId) values(42, 'Murder on the Orient Express', 6.23, '11');
insert into article(id, title, price, supplierId) values(43, 'The Da Vinci Code', 5.99, '11');

insert into article(id, title, price, supplierId) values(44, 'The Hidden Lives of Tudor Women: A Social History', 19.17, 12);
insert into article(id, title, price, supplierId) values(45, 'The Templars', 17.13, 12);
insert into article(id, title, price, supplierId) values(46, 'The Great Illyrian Revolt: Rome''s Forgotten War in the Balkans, AD 6 -9', 17.59, 12);
insert into article(id, title, price, supplierId) values(47, '5 Ingredients - Quick & Easy Food', 11.59, 12);
insert into article(id, title, price, supplierId) values(48, 'BOSH!: Simple Recipes. Amazing Food. All Plants.', 8.00, 12);
insert into article(id, title, price, supplierId) values(49, 'Mums Know Best: The Hairy Bikers'' Family Cookbook', 7.84, 12);
insert into article(id, title, price, supplierId) values(50, 'Death by Burrito', 14.99, 12);
insert into article(id, title, price, supplierId) values(51, 'Eat What You Watch: A Cookbook for Movie Lovers', 10.44, 12);
insert into article(id, title, price, supplierId) values(52, 'A Brief History Of Time', 6.98, 12);
insert into article(id, title, price, supplierId) values(53, 'The Grand Design', 7.09, 12);
insert into article(id, title, price, supplierId) values(54, 'On the Origin of Species', 7.80, 12);
insert into article(id, title, price, supplierId) values(55, 'Tiger Woods', 4.99, 12);
insert into article(id, title, price, supplierId) values(56, 'Sports Geek: A visual tour of sporting myths, debate and data', 4.99, 12);
insert into article(id, title, price, supplierId) values(57, 'When Lions Roared: The Lions, the All Blacks and the Legendary Tour of 1971', 14.58, 12);
insert into article(id, title, price, supplierId) values(58, 'Michael Carrick: Between the Lines: My Autobiography', 9.49, 12);
insert into article(id, title, price, supplierId) values(59, 'Dirt Rally', 35.45, '7');

insert into lp(id, artist, genre) values(1, 'Vivaldi', 'classical');
insert into lp(id, artist, genre) values(2, 'Iron Maiden', 'rock');
insert into lp(id, artist, genre) values(3, 'Prodigy', 'dance');
insert into lp(id, artist, genre) values(4, 'N.W.A.', 'hiphop');
insert into lp(id, artist, genre) values(5, 'Prince', 'rnb');
insert into lp(id, artist, genre) values(6, 'Creedence Clearwater Revival', 'rock');
insert into lp(id, artist, genre) values(7, 'Pantera', 'rock');
insert into lp(id, artist, genre) values(8, 'Frank Zappa', 'rock');
insert into lp(id, artist, genre) values(9, 'Michael Jackson', 'pop');
insert into lp(id, artist, genre) values(10, 'Faithless', 'dance');
insert into lp(id, artist, genre) values(11, 'Abba', 'pop');
insert into lp(id, artist, genre) values(12, 'Run DMC', 'hiphop');
insert into lp(id, artist, genre) values(13, 'Beastie Boys', 'hiphop');
insert into lp(id, artist, genre) values(14, 'Public Enemy', 'hiphop');
insert into lp(id, artist, genre) values(15, 'Fleetwood Mac', 'rock');

insert into game(id,publisher, minimumAge, genre) values(16, 'Rockstar', '16', 'RPG');
insert into game(id,publisher, minimumAge, genre) values(17, 'Playground Games', '6', 'RACE');
insert into game(id,publisher, minimumAge, genre) values(18, 'Slightly Mad', '6', 'RACE');
insert into game(id,publisher, minimumAge, genre) values(19, 'Codemasters', '10', 'RACE');
insert into game(id,publisher, minimumAge, genre) values(20, 'Blizzard', '12', 'RPG');
insert into game(id,publisher, minimumAge, genre) values(21, 'Ubisoft', '16', 'RPG');
insert into game(id,publisher, minimumAge, genre) values(22, 'Blizzard', '2', 'MMORPG');
insert into game(id,publisher, minimumAge, genre) values(23, 'Cryptic Studios', '6', 'MMORPG');
insert into game(id,publisher, minimumAge, genre) values(24, 'Bluehole', '6', 'RPG');
insert into game(id,publisher, minimumAge, genre) values(25, '1C Company', '12', 'RTS');
insert into game(id,publisher, minimumAge, genre) values(26, '1C Company', '12', 'RTS');
insert into game(id,publisher, minimumAge, genre) values(27, 'Microsoft', '8', 'RTS');
insert into game(id,publisher, minimumAge, genre) values(28, 'Ubisoft', '12', 'FPS');
insert into game(id,publisher, minimumAge, genre) values(29, '2K Games', '12', 'FPS');
insert into game(id,publisher, minimumAge, genre) values(30, 'Gearbox Software', '12', 'FPS');
insert into game(id,publisher, minimumAge, genre) values(59, 'Codemasters', '6', 'RACE');

insert into book(id, author, isbn, numberOfPages) values(31, 'J.R.R. Tolkien', '978-00-0732-259-6', 1209);
insert into book(id, author, isbn, numberOfPages) values(32, 'J.R.R. Tolkien', '978-02-6110-328-3', 320);
insert into book(id, author, isbn, numberOfPages) values(33, 'J.R.R. Tolkien', '978-00-0752-322-1', 480);
insert into book(id, author, isbn, numberOfPages) values(34, 'Ernest Hemingway', '978-00-9991-010-7', 304);
insert into book(id, author, isbn, numberOfPages) values(35, 'H.P. Lovecraft', '978-01-4118-706-8', 420);
insert into book(id, author, isbn, numberOfPages) values(36, 'Haruki Murakami', '978-00-9954-906-2', 816);
insert into book(id, author, isbn, numberOfPages) values(37, 'Isaac Asimov', '978-00-0827-781-9', 624);
insert into book(id, author, isbn, numberOfPages) values(38, 'Stephen King', '978-14-4472-072-3', 512);
insert into book(id, author, isbn, numberOfPages) values(39, 'August Derleth', '978-05-8604-139-0', 176);
insert into book(id, author, isbn, numberOfPages) values(40, 'Margaret Weiss & Tracy Hickman', '978-07-8691-574-3', 448);
insert into book(id, author, isbn, numberOfPages) values(41, 'J.D. Salinger', '978-02-4195-043-2', 198);
insert into book(id, author, isbn, numberOfPages) values(42, 'Agatha Christie', '978-02-4195-043-2', 288);
insert into book(id, author, isbn, numberOfPages) values(43, 'Dan Brown', '978-05-5215-971-5', 592);

insert into book(id, author, isbn, numberOfPages) values(44, 'Elisabeth Norton', '978-16-8177-440-4', 416);
insert into book(id, author, isbn, numberOfPages) values(45, 'Dan Jones', '978-17-8185-891-2', 432);
insert into book(id, author, isbn, numberOfPages) values(46, 'Abdale Jason R', '978-15-2671-817-4', 168);
insert into book(id, author, isbn, numberOfPages) values(47, 'Jamie Oliver', '978-07-1818-772-9', 168);
insert into book(id, author, isbn, numberOfPages) values(48, 'Henry Firth', '978-00-0826-290-7', 288);
insert into book(id, author, isbn, numberOfPages) values(49, 'Hairy Bikers', '978-02-9786-026-6', 224);
insert into book(id, author, isbn, numberOfPages) values(50, 'Shay Ola', '978-18-4533-906-7', 160);
insert into book(id, author, isbn, numberOfPages) values(51, 'Andrew Rea', '978-00-0828-365-0', 128);
insert into book(id, author, isbn, numberOfPages) values(52, 'Stephen Hawking', '978-96-3275-612-7', 272);
insert into book(id, author, isbn, numberOfPages) values(53, 'Stephen Hawking', '978-05-5381-922-9', 256);
insert into book(id, author, isbn, numberOfPages) values(54, 'Charles Darwin', '978-01-9921-922-3', 432);
insert into book(id, author, isbn, numberOfPages) values(55, 'Jeff Benedict', '978-14-7117-536-7', 512);
insert into book(id, author, isbn, numberOfPages) values(56, 'Rob Minto', '978-14-7292-749-1', 192);
insert into book(id, author, isbn, numberOfPages) values(57, 'Tom English', '978-19-0971-552-3', 320);
insert into book(id, author, isbn, numberOfPages) values(58, 'Michael Carrick', '978-17-8870-049-8', 400);

insert into fiction(id, genre, summary) values(31, 'fantasy', 'All three parts of the epic masterpiece The Lord of the Rings: The Fellowship of the Ring, The Two Towers & The Return of the King.');
insert into fiction(id, genre, summary) values(32, 'fantasy', 'Bilbo Baggins enjoys a quiet life, with no desire to travel far from home; then one day the wizard Gandalf and a band of dwarves arrive unexpectedly and enlist his services as a burglar on an expedition to raid Smaug the dragon.');
insert into fiction(id, genre, summary) values(33, 'fantasy', 'The Silmarillion is an account of the Elder Days, of the First Age of Tolkien''s world. It is the ancient drama to which the characters in The Lord of the Rings look back, and in whose events some of them such as Elrond and Galadriel took part.');
insert into fiction(id, genre, summary) values(34, 'romance', 'In 1918 Ernest Hemingway went to war, to the ''war to end all wars''. He volunteered for ambulance service in Italy, was wounded and twice decorated. Out of his experiences came his early masterpiece, A Farewell to Arms.');
insert into fiction(id, genre, summary) values(35, 'thriller', 'Collecting uniquely uncanny tales from the master of American horror, H.P. Lovecraft''s The Call of Cthulhu and Other Weird Stories is edited with an introduction and notes by S.T. Joshi in Penguin Modern Classics.');
insert into fiction(id, genre, summary) values(36, 'thriller', 'The year is 1Q84. This is the real world, there is no doubt about that. But in this world, there are two moons in the sky. Something extraordinary is starting.');
insert into fiction(id, genre, summary) values(37, 'sciFi', 'Could a robot ever show true creativity? Is it wise to trust self-driving cars? Will robotic body parts transform human beings into machines? Will organic technology allow robots to become human?');
insert into fiction(id, genre, summary) values(38, 'thriller', 'Danny is only five years old, but in the words of old Mr Hallorann he is a ''shiner'', aglow with psychic voltage. When his father becomes caretaker of the Overlook Hotel, Danny''s visions grow out of control.');
insert into fiction(id, genre, summary) values(39, 'thriller', 'A collection of Lovecraftian short stories by editor supremo August Derleth that seek to build on the Cthulhu Mythos in various ways. ');
insert into fiction(id, genre, summary) values(40, 'thriller', '2 friends, they went their separate ways. Now they are together again, though they holds secrets from eachother in his heart. They speak of a world shadowed with rumors of war. They speak of strange monsters, creatures of myth, creatures of legend.');
insert into fiction(id, genre, summary) values(41, 'romance', 'Witty, wise and bittersweet, The Catcher in the Rye is the ultimate American coming-of-age novel - a timeless classic');
insert into fiction(id, genre, summary) values(42, 'detective', 'A snowdrift stops the Orient Express in its tracks. The train is surprisingly full, but by the morning it is one passenger fewer. An American tycoon lies dead in his compartment, stabbed a dozen times, his door locked from the inside.');
insert into fiction(id, genre, summary) values(43, 'detective', 'The elderly curator of the Louvre has been brutally murdered inside the museum. Alongside the body, police have found a series of baffling codes.');

insert into nonfiction(id, subject) values(44, 'history');
insert into nonfiction(id, subject) values(45, 'history');
insert into nonfiction(id, subject) values(46, 'history');
insert into nonfiction(id, subject) values(47, 'cookbook');
insert into nonfiction(id, subject) values(48, 'cookbook');
insert into nonfiction(id, subject) values(49, 'cookbook');
insert into nonfiction(id, subject) values(50, 'cookbook');
insert into nonfiction(id, subject) values(51, 'cookbook');
insert into nonfiction(id, subject) values(52, 'science');
insert into nonfiction(id, subject) values(53, 'science');
insert into nonfiction(id, subject) values(54, 'science');
insert into nonfiction(id, subject) values(55, 'sports');
insert into nonfiction(id, subject) values(56, 'sports');
insert into nonfiction(id, subject) values(57, 'sports');
insert into nonfiction(id, subject) values(58, 'sports');

insert into rating(id, score, description, user_id, article_id) values (1, 8, 'I like this album so much, I never want to buy another one!', 1, 1);
insert into rating(id, score, description, user_id, article_id) values (2, 2, 'This is awful stuff! It makes me want to kill things.', 4, 1);
insert into rating(id, score, description, user_id, article_id) values (3, 0, 'There''s no place for music in communism. You go to camp if we catch you with this.', 3, 1);
insert into rating(id, score, description, user_id, article_id) values (4, 9, 'I love me some good old Vivaldi when I''m killing American imperialists', 5, 1);

insert into rating(id, score, description, user_id, article_id) values (5, 10, 'BEST. BOOK. EVER.', 2, 31);
insert into rating(id, score, description, user_id, article_id) values (6, 0, 'There is no place for literature in communism! Go to the killing fields!', 3, 31);
insert into rating(id, score, description, user_id, article_id) values (7, 3, 'This makes me scared.', 2, 35);
insert into rating(id, score, description, user_id, article_id) values (8, 7, 'Viva la revolucion!', 5, 33);
insert into rating(id, score, description, user_id, article_id) values (9, 2, 'I like this book.', 2, 32);
insert into rating(id, score, description, user_id, article_id) values (10, 5, 'WAAAAAR!!!', 4, 34);

insert into rating(id, score, description, user_id, article_id) values (11, 0, 'There''s not place for food in communism! Go to camp!', 3, 47);
insert into rating(id, score, description, user_id, article_id) values (12, 2, 'Fake news!', 5, 44);

insert into rating(id, score, description, user_id, article_id) values (13, 9, 'Lootin'' and pillagin''! I like this one!', 4, 16);
insert into rating(id, score, description, user_id, article_id) values (14, 9, 'Great race game', 1, 17);
insert into rating(id, score, description, user_id, article_id) values (15, 0, 'There''s no place for games in communism! Die!', 3, 17);

# insert into user_favourites(user_id, article_id) values(2, 1);